{
  "Research/research-182-0" : {
    "transaction" : "Research/research-182-0",
    "sampleCount" : 70,
    "errorCount" : 0,
    "errorPct" : 0.0,
    "meanResTime" : 1164.4285714285709,
    "medianResTime" : 190.0,
    "minResTime" : 47.0,
    "maxResTime" : 17681.0,
    "pct1ResTime" : 2703.2,
    "pct2ResTime" : 5305.9000000000015,
    "pct3ResTime" : 17681.0,
    "throughput" : 0.23319419413083525,
    "receivedKBytesPerSec" : 0.15781599270768443,
    "sentKBytesPerSec" : 0.1623705668118023
  },
  "Research/research-182-1" : {
    "transaction" : "Research/research-182-1",
    "sampleCount" : 70,
    "errorCount" : 1,
    "errorPct" : 1.4285715,
    "meanResTime" : 48415.7,
    "medianResTime" : 765.0,
    "minResTime" : 58.0,
    "maxResTime" : 3012633.0,
    "pct1ResTime" : 4731.8,
    "pct2ResTime" : 13660.550000000027,
    "pct3ResTime" : 3012633.0,
    "throughput" : 0.022214810233157127,
    "receivedKBytesPerSec" : 0.2672979685984137,
    "sentKBytesPerSec" : 0.015268343205171862
  },
  "Research/themes/mit/assets/js/modernizr.js-192" : {
    "transaction" : "Research/themes/mit/assets/js/modernizr.js-192",
    "sampleCount" : 65,
    "errorCount" : 12,
    "errorPct" : 18.461538,
    "meanResTime" : 2385.4615384615386,
    "medianResTime" : 519.0,
    "minResTime" : 48.0,
    "maxResTime" : 72709.0,
    "pct1ResTime" : 4175.799999999998,
    "pct2ResTime" : 8183.7999999999865,
    "pct3ResTime" : 72709.0,
    "throughput" : 0.1426279976565123,
    "receivedKBytesPerSec" : 0.856185841400958,
    "sentKBytesPerSec" : 0.07841754168028947
  },
  "Research/themes/mit/assets/js/lazysizes.86d137a321e96feaa1d0.js-206" : {
    "transaction" : "Research/themes/mit/assets/js/lazysizes.86d137a321e96feaa1d0.js-206",
    "sampleCount" : 64,
    "errorCount" : 11,
    "errorPct" : 17.1875,
    "meanResTime" : 1067.109375,
    "medianResTime" : 436.5,
    "minResTime" : 56.0,
    "maxResTime" : 9453.0,
    "pct1ResTime" : 2633.0,
    "pct2ResTime" : 5191.25,
    "pct3ResTime" : 9453.0,
    "throughput" : 0.1355108228682983,
    "receivedKBytesPerSec" : 0.9333572594629961,
    "sentKBytesPerSec" : 0.07635717265137512
  },
  "Research/themes/mit/assets/js/lazysizes-unveilhooks.3bbadeef1592cbebc3d2.js-207" : {
    "transaction" : "Research/themes/mit/assets/js/lazysizes-unveilhooks.3bbadeef1592cbebc3d2.js-207",
    "sampleCount" : 65,
    "errorCount" : 14,
    "errorPct" : 21.538462,
    "meanResTime" : 49052.89230769231,
    "medianResTime" : 566.0,
    "minResTime" : 67.0,
    "maxResTime" : 3095999.0,
    "pct1ResTime" : 2613.4,
    "pct2ResTime" : 4716.7,
    "pct3ResTime" : 3095999.0,
    "throughput" : 0.020639605497755842,
    "receivedKBytesPerSec" : 0.1696125320906174,
    "sentKBytesPerSec" : 0.011689161190555953
  },
  "Research/files/images/201806/08_preview_1.jpeg-224" : {
    "transaction" : "Research/files/images/201806/08_preview_1.jpeg-224",
    "sampleCount" : 53,
    "errorCount" : 24,
    "errorPct" : 45.28302,
    "meanResTime" : 2425.962264150944,
    "medianResTime" : 1169.0,
    "minResTime" : 294.0,
    "maxResTime" : 14239.0,
    "pct1ResTime" : 5983.400000000001,
    "pct2ResTime" : 9337.99999999998,
    "pct3ResTime" : 14239.0,
    "throughput" : 0.06631532059078192,
    "receivedKBytesPerSec" : 9.793296299198461,
    "sentKBytesPerSec" : 0.040151854263949995
  },
  "Research/research/-184" : {
    "transaction" : "Research/research/-184",
    "sampleCount" : 69,
    "errorCount" : 12,
    "errorPct" : 17.391304,
    "meanResTime" : 3206.202898550724,
    "medianResTime" : 551.0,
    "minResTime" : 56.0,
    "maxResTime" : 73983.0,
    "pct1ResTime" : 4819.0,
    "pct2ResTime" : 18613.5,
    "pct3ResTime" : 73983.0,
    "throughput" : 0.15507011866235165,
    "receivedKBytesPerSec" : 1.8841625160126754,
    "sentKBytesPerSec" : 0.1081250632079288
  },
  "Research/files/images/201806/rna-imaging.jpg-221" : {
    "transaction" : "Research/files/images/201806/rna-imaging.jpg-221",
    "sampleCount" : 54,
    "errorCount" : 50,
    "errorPct" : 92.59259,
    "meanResTime" : 59055.16666666667,
    "medianResTime" : 3759.5,
    "minResTime" : 564.0,
    "maxResTime" : 2926118.0,
    "pct1ResTime" : 12800.5,
    "pct2ResTime" : 17196.5,
    "pct3ResTime" : 2926118.0,
    "throughput" : 0.017505243468761245,
    "receivedKBytesPerSec" : 5.819829598915161,
    "sentKBytesPerSec" : 0.010369045583329822
  },
  "Research/files/images/201806/02_preview.jpeg-217" : {
    "transaction" : "Research/files/images/201806/02_preview.jpeg-217",
    "sampleCount" : 55,
    "errorCount" : 32,
    "errorPct" : 58.18182,
    "meanResTime" : 3655.8,
    "medianResTime" : 1962.0,
    "minResTime" : 360.0,
    "maxResTime" : 20422.0,
    "pct1ResTime" : 10400.599999999999,
    "pct2ResTime" : 19025.199999999997,
    "pct3ResTime" : 20422.0,
    "throughput" : 0.06587402251933402,
    "receivedKBytesPerSec" : 12.215642711129236,
    "sentKBytesPerSec" : 0.03975600187201995
  },
  "Research/files/images/201806/brain-waves.jpg-212" : {
    "transaction" : "Research/files/images/201806/brain-waves.jpg-212",
    "sampleCount" : 58,
    "errorCount" : 52,
    "errorPct" : 89.655174,
    "meanResTime" : 100321.3620689655,
    "medianResTime" : 3287.5,
    "minResTime" : 786.0,
    "maxResTime" : 2806615.0,
    "pct1ResTime" : 15979.200000000006,
    "pct2ResTime" : 173163.44999999236,
    "pct3ResTime" : 2806615.0,
    "throughput" : 0.018518885112029676,
    "receivedKBytesPerSec" : 3.2466924482939956,
    "sentKBytesPerSec" : 0.010598344978412727
  },
  "Research/research-182" : {
    "transaction" : "Research/research-182",
    "sampleCount" : 73,
    "errorCount" : 41,
    "errorPct" : 56.164383,
    "meanResTime" : 171677.26027397258,
    "medianResTime" : 1548.0,
    "minResTime" : 105.0,
    "maxResTime" : 3046221.0,
    "pct1ResTime" : 15852.000000000064,
    "pct2ResTime" : 3006583.7,
    "pct3ResTime" : 3046221.0,
    "throughput" : 0.023166527984848456,
    "receivedKBytesPerSec" : 0.2854789872054122,
    "sentKBytesPerSec" : 0.030735814151130813
  },
  "Research/files/images/201805/research-2_0.mp4-215" : {
    "transaction" : "Research/files/images/201805/research-2_0.mp4-215",
    "sampleCount" : 56,
    "errorCount" : 11,
    "errorPct" : 19.642857,
    "meanResTime" : 56520.392857142855,
    "medianResTime" : 578.5,
    "minResTime" : 85.0,
    "maxResTime" : 3117504.0,
    "pct1ResTime" : 1955.1000000000035,
    "pct2ResTime" : 3519.9999999999964,
    "pct3ResTime" : 3117504.0,
    "throughput" : 0.017904490414223585,
    "receivedKBytesPerSec" : 0.46673319703540006,
    "sentKBytesPerSec" : 0.010681372367999944
  },
  "Research/files/images/201806/12_preview.jpeg-214" : {
    "transaction" : "Research/files/images/201806/12_preview.jpeg-214",
    "sampleCount" : 55,
    "errorCount" : 34,
    "errorPct" : 61.81818,
    "meanResTime" : 3833.3636363636365,
    "medianResTime" : 1829.0,
    "minResTime" : 406.0,
    "maxResTime" : 37987.0,
    "pct1ResTime" : 10390.399999999996,
    "pct2ResTime" : 15012.399999999978,
    "pct3ResTime" : 37987.0,
    "throughput" : 0.06566050890475883,
    "receivedKBytesPerSec" : 13.40474678472426,
    "sentKBytesPerSec" : 0.03962714306947359
  },
  "Research/research/centers-labs-programs/-227" : {
    "transaction" : "Research/research/centers-labs-programs/-227",
    "sampleCount" : 53,
    "errorCount" : 5,
    "errorPct" : 9.433962,
    "meanResTime" : 980.2075471698109,
    "medianResTime" : 433.0,
    "minResTime" : 76.0,
    "maxResTime" : 18999.0,
    "pct1ResTime" : 1410.2000000000003,
    "pct2ResTime" : 2863.399999999998,
    "pct3ResTime" : 18999.0,
    "throughput" : 0.0664038910174329,
    "receivedKBytesPerSec" : 0.76824892273782,