{
  "MIT/search-39" : {
    "transaction" : "MIT/search-39",
    "sampleCount" : 89,
    "errorCount" : 65,
    "errorPct" : 73.03371,
    "meanResTime" : 37699.67415730337,
    "medianResTime" : 798.0,
    "minResTime" : 97.0,
    "maxResTime" : 3094462.0,
    "pct1ResTime" : 4799.0,
    "pct2ResTime" : 19469.5,
    "pct3ResTime" : 3094462.0,
    "throughput" : 0.028203300800244892,
    "receivedKBytesPerSec" : 0.2796677755145597,
    "sentKBytesPerSec" : 0.03957486078977481
  },
  "MIT/q/cl?count=3-40" : {
    "transaction" : "MIT/q/cl?count=3-40",
    "sampleCount" : 87,
    "errorCount" : 18,
    "errorPct" : 20.689655,
    "meanResTime" : 952.9310344827586,
    "medianResTime" : 78.0,
    "minResTime" : 43.0,
    "maxResTime" : 50695.0,
    "pct1ResTime" : 1236.0,
    "pct2ResTime" : 2267.3999999999987,
    "pct3ResTime" : 50695.0,
    "throughput" : 0.3185296379013656,
    "receivedKBytesPerSec" : 0.16424184454289167,
    "sentKBytesPerSec" : 0.1586426907516567
  },
  "MIT/q/climate%20?count=3-50" : {
    "transaction" : "MIT/q/climate%20?count=3-50",
    "sampleCount" : 86,
    "errorCount" : 13,
    "errorPct" : 15.116279,
    "meanResTime" : 1173.8488372093025,
    "medianResTime" : 82.5,
    "minResTime" : 43.0,
    "maxResTime" : 75996.0,
    "pct1ResTime" : 640.5999999999999,
    "pct2ResTime" : 1175.1999999999975,
    "pct3ResTime" : 75996.0,
    "throughput" : 0.47939707456296826,
    "receivedKBytesPerSec" : 0.2471891165715305,
    "sentKBytesPerSec" : 0.24250750451525152
  },
  "MIT/q/climate%20change?count=3-65" : {
    "transaction" : "MIT/q/climate%20change?count=3-65",
    "sampleCount" : 86,
    "errorCount" : 17,
    "errorPct" : 19.767443,
    "meanResTime" : 472.1046511627905,
    "medianResTime" : 78.5,
    "minResTime" : 44.0,
    "maxResTime" : 15925.0,
    "pct1ResTime" : 698.0999999999999,
    "pct2ResTime" : 1496.799999999997,
    "pct3ResTime" : 15925.0,
    "throughput" : 0.45432693577613303,
    "receivedKBytesPerSec" : 0.2342623262595686,
    "sentKBytesPerSec" : 0.23248761166669307
  },
  "MIT/-1" : {
    "transaction" : "MIT/-1",
    "sampleCount" : 100,
    "errorCount" : 90,
    "errorPct" : 90.0,
    "meanResTime" : 313978.8,
    "medianResTime" : 3318.0,
    "minResTime" : 180.0,
    "maxResTime" : 3129948.0,
    "pct1ResTime" : 2759104.800000017,
    "pct2ResTime" : 3076915.75,
    "pct3ResTime" : 3129908.12,
    "throughput" : 0.03168597927103236,
    "receivedKBytesPerSec" : 0.34988530913237453,
    "sentKBytesPerSec" : 0.019346394492026225
  },
  "MIT/q/climate?count=3-45" : {
    "transaction" : "MIT/q/climate?count=3-45",
    "sampleCount" : 87,
    "errorCount" : 13,
    "errorPct" : 14.942529,
    "meanResTime" : 2097.103448275862,
    "medianResTime" : 79.0,
    "minResTime" : 42.0,
    "maxResTime" : 141606.0,
    "pct1ResTime" : 984.4000000000001,
    "pct2ResTime" : 1918.5999999999974,
    "pct3ResTime" : 141606.0,
    "throughput" : 0.39104638619201726,
    "receivedKBytesPerSec" : 0.2016332928802589,
    "sentKBytesPerSec" : 0.19666883680555555
  },
  "MIT/q/climate%20change-84" : {
    "transaction" : "MIT/q/climate%20change-84",
    "sampleCount" : 85,
    "errorCount" : 85,
    "errorPct" : 100.0,
    "meanResTime" : 89216.91764705881,
    "medianResTime" : 13376.0,
    "minResTime" : 1660.0,
    "maxResTime" : 3117761.0,
    "pct1ResTime" : 35645.60000000004,
    "pct2ResTime" : 68103.3,
    "pct3ResTime" : 3117761.0,
    "throughput" : 0.02695831546684191,
    "receivedKBytesPerSec" : 0.02920690657770211,
    "sentKBytesPerSec" : 0.012152303144037327
  },
  "MIT/q/climate%20change?count=3-67" : {
    "transaction" : "MIT/q/climate%20change?count=3-67",
    "sampleCount" : 86,
    "errorCount" : 17,
    "errorPct" : 19.767443,
    "meanResTime" : 282.8372093023256,
    "medianResTime" : 80.0,
    "minResTime" : 42.0,
    "maxResTime" : 3375.0,
    "pct1ResTime" : 698.9,
    "pct2ResTime" : 1197.1999999999985,
    "pct3ResTime" : 3375.0,
    "throughput" : 0.45439174909121655,
    "receivedKBytesPerSec" : 0.2342957456251585,
    "sentKBytesPerSec" : 0.23252077785527092
  },
  "MIT/q/climate%20change-83" : {
    "transaction" : "MIT/q/climate%20change-83",
    "sampleCount" : 85,
    "errorCount" : 41,
    "errorPct" : 48.235294,
    "meanResTime" : 1234.1882352941175,
    "medianResTime" : 338.0,
    "minResTime" : 43.0,
    "maxResTime" : 41133.0,
    "pct1ResTime" : 1585.4000000000024,
    "pct2ResTime" : 2575.8,
    "pct3ResTime" : 41133.0,
    "throughput" : 0.3933127576776964,
    "receivedKBytesPerSec" : 1.1434492964907248,
    "sentKBytesPerSec" : 0.24428409558888176
  },
  "MIT/q/climate%20chang?count=3-55" : {
    "transaction" : "MIT/q/climate%20chang?count=3-55",
    "sampleCount" : 86,
    "errorCount" : 13,
    "errorPct" : 15.116279,
    "meanResTime" : 270.83720930232556,
    "medianResTime" : 81.0,
    "minResTime" : 43.0,
    "maxResTime" : 2153.0,
    "pct1ResTime" : 674.5,
    "pct2ResTime" : 1011.4999999999992,
    "pct3ResTime" : 2153.0,
    "throughput" : 0.5513845522565092,
    "receivedKBytesPerSec" : 0.28376919828044955,
    "sentKBytesPerSec" : 0.28161535237319757
  },
  "MIT/themes/mit/assets/favicon/favicon.svg-12" : {
    "transaction" : "MIT/themes/mit/assets/favicon/favicon.svg-12",
    "sampleCount" : 90,
    "errorCount" : 22,
    "errorPct" : 24.444445,
    "meanResTime" : 35268.44444444444,
    "medianResTime" : 82.5,
    "minResTime" : 46.0,
    "maxResTime" : 3074806.0,
    "pct1ResTime" : 1248.2000000000007,
    "pct2ResTime" : 4313.75,
    "pct3ResTime" : 3074806.0,
    "throughput" : 0.02851964052577542,
    "receivedKBytesPerSec" : 0.025925764365976704,
    "sentKBytesPerSec" : 0.016828011416570546
  },
  "MIT/themes/mit/assets/js/CombinedSearch.68627c63c12e4144b6e6.js-75" : {
    "transaction" : "MIT/themes/mit/assets/js/CombinedSearch.68627c63c12e4144b6e6.js-75",
    "sampleCount" : 86,
    "errorCount" : 46,
    "errorPct" : 53.488373,
    "meanResTime" : 38311.6976744186,
    "medianResTime" : 463.5,
    "minResTime" : 55.0,
    "maxResTime" : 3108778.0,
    "pct1ResTime" : 2328.3999999999996,
    "pct2ResTime" : 10742.899999999918,
    "pct3ResTime" : 3108778.0,
    "throughput" : 0.027274183241282963,
    "receivedKBytesPerSec" : 0.32596061962742195,
    "sentKBytesPerSec" : 0.01571616584051263
  },
  "MIT/campus-map/objimgs/object-E52.jpg-126" : {
    "transaction" : "MIT/campus-map/objimgs/object-E52.jpg-126",
    "sampleCount" : 76,
    "errorCount" : 48,
    "errorPct" : 63.157894,
    "meanResTime" : 120107.6710526316,
    "medianResTime" : 671.0,
    "minResTime" : 50.0,
    "maxResTime" : 3026681.0,
    "pct1ResTime" : 9342.1,
    "pct2ResTime" : 459739.9499999749,
    "pct3ResTime" : 3026681.0,
    "throughput" : 0.024118087232582776,
    "receivedKBytesPerSec" : 0.21370062010061686,
    "sentKBytesPerSec" : 0.013686977315828257
  },
  "MIT/themes/mit/assets/css/main.css-62" : {
    "transaction" : "MIT/themes/mit/assets/css/main.css-62",
    "sampleCount" : 86,
    "errorCount" : 74,
    "errorPct" : 86.04651,
    "meanResTime" : 1755.348837209303,
    "medianResTime" : 849.5,
    "minResTime" : 124.0,
    "maxResTime" : 34850.0,
    "pct1ResTime" : 2551.8999999999996,
    "pct2ResTime" : 5760.149999999989,
    "pct3ResTime" : 34850.0,
    "throughput" : 0.4776371401753928,
    "receivedKBytesPerSec" : 33.88891482646776,
    "sentKBytesPerSec" : 0.27473464410479137
  },
  "MIT/campus-map/objimgs/object-54.jpg-127" : {
    "transaction" : "MIT/campus-map/objimgs/object-54.jpg-127",
    "sampleCount" : 83,
    "errorCount" : 81,
    "errorPct" : 97.59036,
    "meanResTime" : 265841.5542168675,
    "medianResTime" : 3619.0,
    "minResTime" : 194.0,
    "maxResTime" : 3092220.0,