{
  "MIT/search-39" : {
    "transaction" : "MIT/search-39",
    "sampleCount" : 45,
    "errorCount" : 37,
    "errorPct" : 82.22222,
    "meanResTime" : 74740.64444444445,
    "medianResTime" : 750.0,
    "minResTime" : 130.0,
    "maxResTime" : 3083652.0,
    "pct1ResTime" : 22564.599999999988,
    "pct2ResTime" : 75003.49999999999,
    "pct3ResTime" : 3083652.0,
    "throughput" : 0.014260118504753689,
    "receivedKBytesPerSec" : 0.1401112346679959,
    "sentKBytesPerSec" : 0.01967574510703645
  },
  "MIT/q/cl?count=3-40" : {
    "transaction" : "MIT/q/cl?count=3-40",
    "sampleCount" : 43,
    "errorCount" : 6,
    "errorPct" : 13.953488,
    "meanResTime" : 215.60465116279067,
    "medianResTime" : 79.0,
    "minResTime" : 46.0,
    "maxResTime" : 3007.0,
    "pct1ResTime" : 444.0,
    "pct2ResTime" : 570.5999999999996,
    "pct3ResTime" : 3007.0,
    "throughput" : 0.23816117418997507,
    "receivedKBytesPerSec" : 0.1228018554417059,
    "sentKBytesPerSec" : 0.11861542855164774
  },
  "MIT/q/climate%20?count=3-50" : {
    "transaction" : "MIT/q/climate%20?count=3-50",
    "sampleCount" : 43,
    "errorCount" : 7,
    "errorPct" : 16.27907,
    "meanResTime" : 438.13953488372084,
    "medianResTime" : 79.0,
    "minResTime" : 43.0,
    "maxResTime" : 10184.0,
    "pct1ResTime" : 683.8000000000001,
    "pct2ResTime" : 1188.799999999999,
    "pct3ResTime" : 10184.0,
    "throughput" : 0.1517718480869688,
    "receivedKBytesPerSec" : 0.07825735916984329,
    "sentKBytesPerSec" : 0.07677521221586898
  },
  "MIT/q/climate%20change?count=3-65" : {
    "transaction" : "MIT/q/climate%20change?count=3-65",
    "sampleCount" : 42,
    "errorCount" : 8,
    "errorPct" : 19.047619,
    "meanResTime" : 268.5714285714285,
    "medianResTime" : 84.0,
    "minResTime" : 46.0,
    "maxResTime" : 959.0,
    "pct1ResTime" : 719.2000000000002,
    "pct2ResTime" : 904.6500000000001,
    "pct3ResTime" : 959.0,
    "throughput" : 0.1437848977929018,
    "receivedKBytesPerSec" : 0.074139087924465,
    "sentKBytesPerSec" : 0.07357742816746148
  },
  "MIT/-1" : {
    "transaction" : "MIT/-1",
    "sampleCount" : 50,
    "errorCount" : 46,
    "errorPct" : 92.0,
    "meanResTime" : 251825.26,
    "medianResTime" : 3071.5,
    "minResTime" : 246.0,
    "maxResTime" : 3142042.0,
    "pct1ResTime" : 19864.599999999995,
    "pct2ResTime" : 3085840.0,
    "pct3ResTime" : 3142042.0,
    "throughput" : 0.015842658322021676,
    "receivedKBytesPerSec" : 0.1837835004892213,
    "sentKBytesPerSec" : 0.01034785507041111
  },
  "MIT/q/climate?count=3-45" : {
    "transaction" : "MIT/q/climate?count=3-45",
    "sampleCount" : 43,
    "errorCount" : 10,
    "errorPct" : 23.255814,
    "meanResTime" : 866.1162790697674,
    "medianResTime" : 126.0,
    "minResTime" : 44.0,
    "maxResTime" : 19115.0,
    "pct1ResTime" : 1490.0000000000011,
    "pct2ResTime" : 4399.399999999993,
    "pct3ResTime" : 19115.0,
    "throughput" : 0.23820471202158244,
    "receivedKBytesPerSec" : 0.12282430463612845,
    "sentKBytesPerSec" : 0.11980022137804196
  },
  "MIT/q/climate%20change-84" : {
    "transaction" : "MIT/q/climate%20change-84",
    "sampleCount" : 42,
    "errorCount" : 42,
    "errorPct" : 100.0,
    "meanResTime" : 86899.90476190476,
    "medianResTime" : 10619.5,
    "minResTime" : 1679.0,
    "maxResTime" : 3041898.0,
    "pct1ResTime" : 33386.900000000045,
    "pct2ResTime" : 68426.8,
    "pct3ResTime" : 3041898.0,
    "throughput" : 0.01332006401242191,
    "receivedKBytesPerSec" : 0.013580840935284152,
    "sentKBytesPerSec" : 0.006254619901666213
  },
  "MIT/q/climate%20change?count=3-67" : {
    "transaction" : "MIT/q/climate%20change?count=3-67",
    "sampleCount" : 42,
    "errorCount" : 10,
    "errorPct" : 23.809525,
    "meanResTime" : 615.4523809523811,
    "medianResTime" : 83.0,
    "minResTime" : 43.0,
    "maxResTime" : 9923.0,
    "pct1ResTime" : 2119.6000000000035,
    "pct2ResTime" : 2794.1000000000004,
    "pct3ResTime" : 9923.0,
    "throughput" : 0.14380360536182016,
    "receivedKBytesPerSec" : 0.07414873401468851,
    "sentKBytesPerSec" : 0.07358700118124391
  },
  "MIT/q/climate%20change-83" : {
    "transaction" : "MIT/q/climate%20change-83",
    "sampleCount" : 42,
    "errorCount" : 19,
    "errorPct" : 45.238094,
    "meanResTime" : 1912.1904761904764,
    "medianResTime" : 200.0,
    "minResTime" : 45.0,
    "maxResTime" : 34398.0,
    "pct1ResTime" : 5014.100000000001,
    "pct2ResTime" : 9508.0,
    "pct3ResTime" : 34398.0,
    "throughput" : 0.14331731819174492,
    "receivedKBytesPerSec" : 0.41665591431330534,
    "sentKBytesPerSec" : 0.08901349059565408
  },
  "MIT/q/climate%20chang?count=3-55" : {
    "transaction" : "MIT/q/climate%20chang?count=3-55",
    "sampleCount" : 43,
    "errorCount" : 8,
    "errorPct" : 18.60465,
    "meanResTime" : 333.1627906976745,
    "medianResTime" : 79.0,
    "minResTime" : 45.0,
    "maxResTime" : 1944.0,
    "pct1ResTime" : 1063.6000000000001,
    "pct2ResTime" : 1327.1999999999998,
    "pct3ResTime" : 1944.0,
    "throughput" : 0.1651616471609481,
    "receivedKBytesPerSec" : 0.08500018364630825,
    "sentKBytesPerSec" : 0.0843550209620858
  },
  "MIT/themes/mit/assets/favicon/favicon.svg-12" : {
    "transaction" : "MIT/themes/mit/assets/favicon/favicon.svg-12",
    "sampleCount" : 46,
    "errorCount" : 17,
    "errorPct" : 36.95652,
    "meanResTime" : 67088.21739130437,
    "medianResTime" : 82.0,
    "minResTime" : 47.0,
    "maxResTime" : 3064030.0,
    "pct1ResTime" : 813.8000000000023,
    "pct2ResTime" : 6689.14999999999,
    "pct3ResTime" : 3064030.0,
    "throughput" : 0.01457678830257103,
    "receivedKBytesPerSec" : 0.013594563309526691,
    "sentKBytesPerSec" : 0.008508593630672351
  },
  "MIT/themes/mit/assets/js/CombinedSearch.68627c63c12e4144b6e6.js-75" : {
    "transaction" : "MIT/themes/mit/assets/js/CombinedSearch.68627c63c12e4144b6e6.js-75",
    "sampleCount" : 42,
    "errorCount" : 25,
    "errorPct" : 59.52381,
    "meanResTime" : 1839.3809523809525,
    "medianResTime" : 689.5,
    "minResTime" : 50.0,
    "maxResTime" : 14587.0,
    "pct1ResTime" : 4079.2000000000044,
    "pct2ResTime" : 13362.550000000007,
    "pct3ResTime" : 14587.0,
    "throughput" : 0.14368160157091883,
    "receivedKBytesPerSec" : 1.7316158642448336,
    "sentKBytesPerSec" : 0.08376749622835797
  },
  "MIT/campus-map/objimgs/object-E52.jpg-126" : {
    "transaction" : "MIT/campus-map/objimgs/object-E52.jpg-126",
    "sampleCount" : 37,
    "errorCount" : 20,
    "errorPct" : 54.054054,
    "meanResTime" : 84678.18918918919,
    "medianResTime" : 607.0,
    "minResTime" : 50.0,
    "maxResTime" : 3080238.0,
    "pct1ResTime" : 5500.2,
    "pct2ResTime" : 316481.10000000434,
    "pct3ResTime" : 3080238.0,
    "throughput" : 0.011741592305893233,
    "receivedKBytesPerSec" : 0.1048927562229646,
    "sentKBytesPerSec" : 0.006749680120944748
  },
  "MIT/themes/mit/assets/css/main.css-62" : {
    "transaction" : "MIT/themes/mit/assets/css/main.css-62",
    "sampleCount" : 43,
    "errorCount" : 38,
    "errorPct" : 88.37209,
    "meanResTime" : 3169.976744186046,
    "medianResTime" : 829.0,
    "minResTime" : 130.0,
    "maxResTime" : 73311.0,
    "pct1ResTime" : 3476.4000000000005,
    "pct2ResTime" : 9772.999999999993,
    "pct3ResTime" : 73311.0,
    "throughput" : 0.15086131284426202,
    "receivedKBytesPerSec" : 10.70378693690138,
    "sentKBytesPerSec" : 0.08677471998561556
  },
  "MIT/campus-map/objimgs/object-54.jpg-127" : {
    "transaction" : "MIT/campus-map/objimgs/object-54.jpg-127",
    "sampleCount" : 41,
    "errorCount" : 40,
    "errorPct" : 97.560974,
    "meanResTime" : 307982.0487804878,
    "medianResTime" : 5868.0,
    "minResTime" : 248.0,