{
  "Research/research-182-0" : {
    "transaction" : "Research/research-182-0",
    "sampleCount" : 35,
    "errorCount" : 0,
    "errorPct" : 0.0,
    "meanResTime" : 786.8571428571429,
    "medianResTime" : 445.0,
    "minResTime" : 50.0,
    "maxResTime" : 3200.0,
    "pct1ResTime" : 2580.399999999999,
    "pct2ResTime" : 3168.7999999999997,
    "pct3ResTime" : 3200.0,
    "throughput" : 0.11460154679344872,
    "receivedKBytesPerSec" : 0.07755749211705075,
    "sentKBytesPerSec" : 0.07979580357786029
  },
  "Research/research-182-1" : {
    "transaction" : "Research/research-182-1",
    "sampleCount" : 35,
    "errorCount" : 0,
    "errorPct" : 0.0,
    "meanResTime" : 4966.657142857142,
    "medianResTime" : 584.0,
    "minResTime" : 62.0,
    "maxResTime" : 75256.0,
    "pct1ResTime" : 11284.199999999977,
    "pct2ResTime" : 46439.199999999844,
    "pct3ResTime" : 75256.0,
    "throughput" : 0.11451305776038634,
    "receivedKBytesPerSec" : 1.3913783834518816,
    "sentKBytesPerSec" : 0.07984601878995688
  },
  "Research/themes/mit/assets/js/modernizr.js-192" : {
    "transaction" : "Research/themes/mit/assets/js/modernizr.js-192",
    "sampleCount" : 33,
    "errorCount" : 6,
    "errorPct" : 18.181818,
    "meanResTime" : 2468.1212121212125,
    "medianResTime" : 543.0,
    "minResTime" : 50.0,
    "maxResTime" : 36401.0,
    "pct1ResTime" : 5327.000000000006,
    "pct2ResTime" : 24343.49999999995,
    "pct3ResTime" : 36401.0,
    "throughput" : 0.09857101892563563,
    "receivedKBytesPerSec" : 0.5917148958358225,
    "sentKBytesPerSec" : 0.05419480825696569
  },
  "Research/themes/mit/assets/js/lazysizes.86d137a321e96feaa1d0.js-206" : {
    "transaction" : "Research/themes/mit/assets/js/lazysizes.86d137a321e96feaa1d0.js-206",
    "sampleCount" : 32,
    "errorCount" : 4,
    "errorPct" : 12.5,
    "meanResTime" : 2841.187500000001,
    "medianResTime" : 437.0,
    "minResTime" : 52.0,
    "maxResTime" : 72050.0,
    "pct1ResTime" : 2203.8999999999996,
    "pct2ResTime" : 26930.899999999852,
    "pct3ResTime" : 72050.0,
    "throughput" : 0.09508019420129665,
    "receivedKBytesPerSec" : 0.6548834079118607,
    "sentKBytesPerSec" : 0.053575460990379076
  },
  "Research/themes/mit/assets/js/lazysizes-unveilhooks.3bbadeef1592cbebc3d2.js-207" : {
    "transaction" : "Research/themes/mit/assets/js/lazysizes-unveilhooks.3bbadeef1592cbebc3d2.js-207",
    "sampleCount" : 32,
    "errorCount" : 6,
    "errorPct" : 18.75,
    "meanResTime" : 1236.4687500000002,
    "medianResTime" : 470.0,
    "minResTime" : 55.0,
    "maxResTime" : 9537.0,
    "pct1ResTime" : 2526.9,
    "pct2ResTime" : 8910.399999999998,
    "pct3ResTime" : 9537.0,
    "throughput" : 0.09514040642792371,
    "receivedKBytesPerSec" : 0.7889964173690703,
    "sentKBytesPerSec" : 0.05472431580668658
  },
  "Research/files/images/201806/08_preview_1.jpeg-224" : {
    "transaction" : "Research/files/images/201806/08_preview_1.jpeg-224",
    "sampleCount" : 27,
    "errorCount" : 12,
    "errorPct" : 44.444443,
    "meanResTime" : 1626.1111111111109,
    "medianResTime" : 1197.0,
    "minResTime" : 469.0,
    "maxResTime" : 5227.0,
    "pct1ResTime" : 3149.4,
    "pct2ResTime" : 4442.999999999996,
    "pct3ResTime" : 5227.0,
    "throughput" : 0.038556997238176564,
    "receivedKBytesPerSec" : 5.694009996437049,
    "sentKBytesPerSec" : 0.02334505692155222
  },
  "Research/research/-184" : {
    "transaction" : "Research/research/-184",
    "sampleCount" : 35,
    "errorCount" : 9,
    "errorPct" : 25.714285,
    "meanResTime" : 92910.17142857143,
    "medianResTime" : 735.0,
    "minResTime" : 66.0,
    "maxResTime" : 3127056.0,
    "pct1ResTime" : 8754.599999999984,
    "pct2ResTime" : 687599.199999987,
    "pct3ResTime" : 3127056.0,
    "throughput" : 0.011107496766925047,
    "receivedKBytesPerSec" : 0.13218602974428956,
    "sentKBytesPerSec" : 0.007523593513221888
  },
  "Research/files/images/201806/rna-imaging.jpg-221" : {
    "transaction" : "Research/files/images/201806/rna-imaging.jpg-221",
    "sampleCount" : 28,
    "errorCount" : 27,
    "errorPct" : 96.42857,
    "meanResTime" : 105026.32142857142,
    "medianResTime" : 3403.5,
    "minResTime" : 1381.0,
    "maxResTime" : 2787669.0,
    "pct1ResTime" : 20617.500000000025,
    "pct2ResTime" : 1549771.6499999922,
    "pct3ResTime" : 2787669.0,
    "throughput" : 0.009032068682430852,
    "receivedKBytesPerSec" : 2.950739225931553,
    "sentKBytesPerSec" : 0.005256316198208747
  },
  "Research/files/images/201806/02_preview.jpeg-217" : {
    "transaction" : "Research/files/images/201806/02_preview.jpeg-217",
    "sampleCount" : 28,
    "errorCount" : 19,
    "errorPct" : 67.85714,
    "meanResTime" : 3421.8214285714284,
    "medianResTime" : 1737.5,
    "minResTime" : 756.0,
    "maxResTime" : 20387.0,
    "pct1ResTime" : 9153.7,
    "pct2ResTime" : 15715.54999999997,
    "pct3ResTime" : 20387.0,
    "throughput" : 0.04073693108329684,
    "receivedKBytesPerSec" : 7.55423422207738,
    "sentKBytesPerSec" : 0.02458537442331782
  },
  "Research/files/images/201806/brain-waves.jpg-212" : {
    "transaction" : "Research/files/images/201806/brain-waves.jpg-212",
    "sampleCount" : 31,
    "errorCount" : 28,
    "errorPct" : 90.32258,
    "meanResTime" : 91673.32258064515,
    "medianResTime" : 3100.0,
    "minResTime" : 1274.0,
    "maxResTime" : 2721456.0,
    "pct1ResTime" : 10588.600000000002,
    "pct2ResTime" : 1096091.999999996,
    "pct3ResTime" : 2721456.0,
    "throughput" : 0.009913274834352375,
    "receivedKBytesPerSec" : 1.7732008105701094,
    "sentKBytesPerSec" : 0.005789822184629948
  },
  "Research/research-182" : {
    "transaction" : "Research/research-182",
    "sampleCount" : 36,
    "errorCount" : 17,
    "errorPct" : 47.22222,
    "meanResTime" : 90633.58333333334,
    "medianResTime" : 1445.5,
    "minResTime" : 117.0,
    "maxResTime" : 3061434.0,
    "pct1ResTime" : 27070.000000000084,
    "pct2ResTime" : 523560.94999999576,
    "pct3ResTime" : 3061434.0,
    "throughput" : 0.011424415117547711,
    "receivedKBytesPerSec" : 0.1435328508263343,
    "sentKBytesPerSec" : 0.015478309815698796
  },
  "Research/files/images/201805/research-2_0.mp4-215" : {
    "transaction" : "Research/files/images/201805/research-2_0.mp4-215",
    "sampleCount" : 29,
    "errorCount" : 6,
    "errorPct" : 20.689655,
    "meanResTime" : 94155.75862068965,
    "medianResTime" : 491.0,
    "minResTime" : 160.0,
    "maxResTime" : 2706489.0,
    "pct1ResTime" : 2396.0,
    "pct2ResTime" : 1356065.0,
    "pct3ResTime" : 2706489.0,
    "throughput" : 0.00929261416617373,
    "receivedKBytesPerSec" : 0.238535047014219,
    "sentKBytesPerSec" : 0.005449897909418161
  },
  "Research/files/images/201806/12_preview.jpeg-214" : {
    "transaction" : "Research/files/images/201806/12_preview.jpeg-214",
    "sampleCount" : 28,
    "errorCount" : 17,
    "errorPct" : 60.714287,
    "meanResTime" : 3607.035714285714,
    "medianResTime" : 1671.0,
    "minResTime" : 726.0,
    "maxResTime" : 20950.0,
    "pct1ResTime" : 9658.600000000004,
    "pct2ResTime" : 17207.799999999977,
    "pct3ResTime" : 20950.0,
    "throughput" : 0.040685728899363845,
    "receivedKBytesPerSec" : 8.306086911982238,
    "sentKBytesPerSec" : 0.024554473105280136
  },
  "Research/research/centers-labs-programs/-227" : {
    "transaction" : "Research/research/centers-labs-programs/-227",
    "sampleCount" : 27,
    "errorCount" : 3,
    "errorPct" : 11.111111,
    "meanResTime" : 3330.5555555555557,
    "medianResTime" : 371.0,
    "minResTime" : 102.0,
    "maxResTime" : 74620.0,
    "pct1ResTime" : 1746.1999999999994,
    "pct2ResTime" : 45736.39999999985,
    "pct3ResTime" : 74620.0,
    "throughput" : 0.038636890503052315,